<?xml version="1.0" encoding="UTF-8"?>
<project-private xmlns="http://www.netbeans.org/ns/project-private/1">
    <editor-bookmarks xmlns="http://www.netbeans.org/ns/editor-bookmarks/2" lastBookmarkId="0"/>
    <open-files xmlns="http://www.netbeans.org/ns/projectui-open-files/2">
        <group>
            <file>file:/C:/Users/05908897027/Documents/NetBeansProjects/CaculoImc/src/Mulher.java</file>
            <file>file:/C:/Users/05908897027/Documents/NetBeansProjects/CaculoImc/src/PessoaImc.java</file>
            <file>file:/C:/Users/05908897027/Documents/NetBeansProjects/CaculoImc/src/Homem.java</file>
            <file>file:/C:/Users/05908897027/Documents/NetBeansProjects/CaculoImc/src/CaculaImc.java</file>
            <file>file:/C:/Users/05908897027/Documents/NetBeansProjects/CaculoImc/src/Pessoa.java</file>
        </group>
    </open-files>
</project-private>
